url,tracker_count,ad_network_count,has_cookie_banner,has_reject_button,has_accept_button,cmp_detected,has_privacy_policy
https://youtu.be,9,3,True,True,True,none,True
https://europa.eu,10,2,True,False,True,none,True
https://telekom.de,9,4,True,False,True,none,True
https://t-online.de,14,4,True,False,False,none,True
https://bbc.co.uk,33,16,True,False,False,none,True
https://www.gov.uk,23,13,True,False,False,none,True
https://amazon.co.uk,5,2,True,True,False,cookie notice,True
https://dailymail.co.uk,35,19,True,False,False,trustarc,True
https://amazon.de,30,12,True,True,False,cookie notice,True
https://google.de,16,8,True,True,True,none,True
https://telegraph.co.uk,29,13,False,False,False,none,False
https://free.fr,6,1,True,True,True,didomi,False
https://amazon.fr,13,9,True,True,True,none,True
https://independent.co.uk,32,25,True,False,False,none,True
https://service.gov.uk,26,20,True,False,False,none,True
https://lemonde.fr,6,4,True,True,True,none,True
https://spiegel.de,9,7,True,False,False,none,True
https://google.co.uk,13,0,True,True,True,none,True
https://seznam.cz,33,3,False,False,False,none,False
https://watchlist-internet.at,38,15,True,False,False,none,True
https://amazon.es,8,3,True,True,False,cookie notice,True
https://amazon.it,9,7,True,True,False,cookie notice,True
https://allegro.pl,10,6,False,False,False,none,False
https://otto.de,5,0,True,True,False,onetrust,True
https://wp.pl,13,6,True,False,False,none,False
https://welt.de,26,7,True,False,False,none,True
https://bild.de,30,5,True,False,False,none,True
https://ddnss.de,29,5,True,True,False,none,True
https://lefigaro.fr,15,10,True,True,True,none,True
https://ebay.co.uk,29,24,True,False,False,none,True
https://focus.de,17,11,True,False,False,none,True
https://ebay.de,22,19,True,False,False,none,True
https://webempresa.eu,15,8,True,False,False,iubenda,True
https://kleinanzeigen.de,9,4,True,True,True,none,True
https://repubblica.it,33,11,True,False,False,iubenda,True
https://corriere.it,69,32,True,False,False,fundingchoices,True
https://onet.pl,82,34,True,False,False,klaro,False
https://elmundo.es,109,46,True,False,True,didomi,True
https://ox.ac.uk,70,33,True,False,False,none,False
https://tagesschau.de,11,2,True,False,False,none,True
https://n-tv.de,29,4,True,False,False,none,True
https://idnes.cz,93,48,True,False,False,didomi,True
https://leparisien.fr,73,38,True,True,True,didomi,True
https://usercentrics.eu,14,5,True,False,False,cookiebot,True
https://olx.pl,38,14,True,False,False,onetrust,True
https://finn.no,35,17,False,False,False,none,False
https://sapo.pt,31,16,True,False,False,none,True
https://deltafibernederland.nl,23,10,True,False,False,cookiebot,False
https://glasvezelactiveren.nl,9,6,False,False,False,none,False
https://skroutz.gr,12,3,True,False,False,none,False
https://aftonbladet.se,19,6,True,False,False,none,False
https://kicker.de,24,9,True,False,False,usercentrics,True
https://leboncoin.fr,12,1,False,False,False,none,False
https://vg.no,26,7,True,False,False,none,False
https://franceinfo.fr,30,5,True,True,True,didomi,True
https://vinted.fr,14,5,True,False,True,onetrust,True
https://nu.nl,21,8,True,False,False,none,True
https://ad.nl,30,12,True,False,False,none,True
https://bund.de,26,8,False,False,False,none,False
https://emag.ro,8,4,True,False,False,none,False
https://rightmove.co.uk,17,7,True,True,True,onetrust,True
https://lequipe.fr,24,9,True,False,True,didomi,True
https://marktplaats.nl,28,16,True,False,False,none,True
https://gazzetta.it,40,15,True,False,False,fundingchoices,True
https://poste.it,33,9,True,False,False,trustarc,True
https://argos.co.uk,20,10,True,False,True,onetrust,True
https://zalando.de,27,11,True,False,False,usercentrics,True
https://hln.be,20,6,True,False,False,none,True
https://merkur.de,46,17,True,False,False,none,True
https://admin.ch,23,11,False,False,False,none,False
https://index.hu,38,12,True,False,False,none,False
https://ebay.it,42,16,True,False,False,none,True
https://ladepeche.fr,26,14,True,True,True,didomi,True
https://tori.fi,31,18,False,False,False,none,False
https://actu.fr,20,11,True,True,True,didomi,True
https://ilfattoquotidiano.it,23,10,True,False,False,none,True
https://subito.it,24,10,True,False,False,didomi,True
https://autotrader.co.uk,15,2,True,False,False,none,False
https://leroymerlin.fr,6,1,False,False,False,none,False
https://cam.ac.uk,13,7,True,True,True,none,True
https://mediaexpert.pl,17,8,True,False,False,onetrust,True
https://novinky.cz,40,17,False,False,False,none,False
https://dagbladet.no,60,23,True,False,False,none,False
https://toyhou.se,25,10,True,False,False,none,False
https://idealista.it,4,1,False,False,False,none,False
https://inps.it,8,0,True,False,False,none,True
https://iltalehti.fi,18,9,False,False,False,none,False
https://ilmeteo.it,31,23,True,False,False,trustarc,True
https://otomoto.pl,46,28,True,False,False,onetrust,True
https://protothema.gr,43,20,True,False,False,quantcast,True
https://jutarnji.hr,65,26,False,False,False,didomi,False
https://immobiliare.it,51,15,False,False,False,none,False
https://index.hr,34,19,False,False,False,didomi,False
https://ekstrabladet.dk,43,23,True,False,True,cookiebot,True
https://eltiempo.es,12,4,True,False,False,didomi,True
https://leroymerlin.es,11,0,False,False,False,none,False
https://bt.dk,23,10,True,False,True,cookiebot,True
https://google.it,23,9,True,True,True,none,True
https://xvideos.es,9,1,True,False,False,none,True
https://xnxx.es,8,1,True,False,False,none,True
https://joyclub.de,7,2,True,False,False,none,True
https://listcrawler.eu,13,5,True,False,False,none,False
https://markt.de,5,3,True,False,False,none,True
https://google.fr,12,2,True,True,True,none,True
https://librus.pl,9,5,True,False,False,none,False
https://diretta.it,18,9,True,False,False,onetrust,True
https://spaggiari.eu,31,21,True,False,False,cookiebot,True
https://ladies.de,22,13,True,False,True,none,True
https://flashscore.fr,21,7,True,True,False,onetrust,True
https://impots.gouv.fr,17,9,True,False,False,none,True
https://administracionelectronica.gob.es,11,4,False,False,False,none,False
https://publi24.ro,14,2,True,True,True,didomi,False
https://acesso.gov.pt,9,1,False,False,False,none,False
https://annunci69.it,13,4,True,False,False,none,True
https://livescore.cz,25,9,True,False,False,trustarc,False
https://google.es,15,6,True,True,True,none,True
https://filmweb.pl,10,4,True,False,False,didomi,False
https://ico.org.uk,10,6,True,False,False,none,True
https://mobile.de,5,0,False,False,False,none,False
https://your-server.de,3,0,False,False,False,none,False
https://freenet.de,13,7,True,False,False,none,True
https://www.nhs.uk,17,12,True,False,False,none,True
https://kahoot.it,9,5,True,True,False,onetrust,True
https://simpli.fi,24,14,True,False,False,none,True
https://thesun.co.uk,44,31,True,False,False,onetrust,True
https://mirror.co.uk,54,27,True,False,False,cookie notice,True
https://redd.it,30,13,True,True,True,none,True
https://threema.ch,15,5,True,False,False,none,False
https://google.nl,6,1,True,True,True,none,True
https://web.de,10,0,True,False,False,none,True
https://shorturl.at,25,10,True,False,False,none,False
https://home.pl,8,2,False,False,False,none,False
https://guardian.co.uk,17,2,True,False,False,none,True
https://express.co.uk,26,12,True,False,False,quantcast,True
https://ionos.de,28,13,True,True,False,none,True
https://telefonica.de,12,2,True,False,False,none,True
https://admatic.de,11,5,True,False,False,none,True
https://ccc.de,9,2,True,False,False,none,True
https://carnet.hr,8,2,True,False,False,none,False
https://orange.fr,22,8,True,True,True,didomi,False
https://mpg.de,29,13,True,False,False,usercentrics,True
https://ucl.ac.uk,9,1,True,False,False,none,False
https://hostpoint.ch,8,1,True,True,False,none,True
https://ioam.de,7,0,False,False,False,none,False
https://ethz.ch,4,2,True,True,False,onetrust,True
https://strato.de,9,5,True,True,False,none,True
https://zeit.de,16,9,True,True,False,onetrust,True
https://thetimes.co.uk,18,4,False,False,False,none,False
https://heise.de,4,0,True,False,False,none,True
https://cern.ch,10,0,True,False,False,none,True
https://google.pl,6,0,True,True,True,none,True
https://sueddeutsche.de,19,10,True,False,False,onetrust,True
https://loopia.se,34,13,True,False,False,iubenda,False
https://chip.de,24,7,True,False,False,none,True
https://metro.co.uk,36,7,True,False,False,trustarc,True
https://haxx.se,25,3,False,False,False,none,False
https://interia.pl,13,7,True,False,False,fundingchoices,True
https://univie.ac.at,15,5,True,False,False,none,True
https://curl.se,2,0,True,False,False,none,True
https://google.at,5,0,True,True,True,none,True
https://youronlinechoices.eu,5,0,True,False,False,none,False
https://google.ch,4,0,True,True,True,none,True
https://cnrs.fr,10,1,True,False,False,none,True
https://google.be,13,5,True,True,True,none,True
https://libero.it,22,6,True,False,False,iubenda,True
https://cnil.fr,20,6,True,True,True,none,True
https://websupport.sk,16,4,True,False,False,iubenda,False
https://rtve.es,41,13,True,False,False,onetrust,True
https://webgo.de,38,15,True,True,False,none,True
https://google.se,13,4,True,True,True,none,True
https://check24.de,8,1,True,False,True,none,True
https://eventbrite.co.uk,20,6,True,False,False,none,True
https://blogspot.co.uk,14,3,True,True,True,none,True
https://yle.fi,10,6,False,False,False,none,False
https://tripadvisor.co.uk,17,14,False,False,False,none,False
https://ipcc.ch,12,5,True,False,False,none,True
https://dhl.de,11,5,True,False,True,onetrust,True
https://amazon.nl,12,6,True,True,False,cookie notice,True
https://braze.eu,18,7,True,True,False,onetrust,True
https://idealo.de,24,11,True,False,False,usercentrics,True
https://tagesspiegel.de,26,13,True,False,False,none,True
https://politico.eu,36,15,True,False,False,funding choices,True
https://transip.nl,34,14,True,False,True,iubenda,True
https://monster.es,36,20,True,False,True,none,True
https://bahn.de,23,15,True,False,False,none,True
https://gemius.pl,10,2,False,False,False,none,False
https://standard.co.uk,9,7,True,False,False,none,True
https://zdf.de,12,5,True,True,False,none,True
https://abc.es,34,20,True,False,False,didomi,True
https://lse.ac.uk,38,17,True,False,False,onetrust,True
https://br.de,20,5,True,False,False,none,True
https://google.cz,11,0,True,True,True,none,True
https://orf.at,16,6,True,False,True,didomi,True
https://fraunhofer.de,23,16,True,False,False,none,True
https://ansa.it,25,7,True,False,False,iubenda,True
https://e-recht24.de,25,5,True,True,False,none,True
https://nic.de,5,0,True,False,True,none,True
https://ndr.de,5,0,True,False,False,none,True
https://adscale.de,12,3,True,True,False,cookiebot,True
https://radiofrance.fr,13,9,True,True,True,didomi,True
https://legislation.gov.uk,11,9,True,True,False,none,True
https://liberation.fr,8,2,False,False,False,none,False
https://google.dk,7,2,True,True,True,none,True
https://wanadoo.fr,27,12,True,True,True,didomi,False
https://immobilienscout24.de,32,15,False,False,False,none,False
https://sbb.ch,13,6,True,True,True,onetrust,True
https://cnr.it,13,2,True,False,False,none,True
https://weborama.fr,12,5,True,True,True,none,True
https://lesechos.fr,15,9,True,True,True,didomi,True
https://google.fi,13,6,True,True,True,none,True
https://rte.ie,13,7,True,False,False,onetrust,True
https://ardmediathek.de,11,6,True,False,False,none,True
https://google.no,6,0,True,True,True,none,True
https://arbeitsagentur.de,5,0,False,False,False,none,False
https://sfr.fr,5,0,True,True,True,none,True
https://stern.de,19,8,True,False,False,none,True
https://nos.nl,26,7,True,False,False,none,True
https://www.gov.pl,12,3,True,False,False,none,True
https://register.it,18,4,True,False,False,iubenda,True
https://wetteronline.de,27,7,True,False,False,fundingchoices,True
https://amazon.pl,18,5,True,False,False,none,True
https://google.ro,10,2,True,True,True,none,True
https://nic.fr,9,0,True,True,True,none,True
https://next.co.uk,19,4,True,False,True,onetrust,True
https://rfi.fr,20,9,True,True,True,didomi,True
https://independent.ie,30,15,True,False,False,didomi,True
https://tfl.gov.uk,35,12,True,True,True,cookiebot,True
https://juntadeandalucia.es,14,7,True,False,False,none,True
https://dns.pt,11,5,True,False,False,cookiebot,True
https://medallia.eu,21,11,True,True,True,trustarc,True
https://goethe.de,26,11,True,False,False,usercentrics,True
https://amazon.se,16,6,True,True,False,cookie notice,True
https://aruba.it,13,6,True,True,True,cookiebot,True
https://cwi.nl,11,5,True,False,False,none,True
https://elster.de,4,1,True,False,False,none,True
https://rwth-aachen.de,3,0,True,False,False,none,True
https://joyn.de,5,0,True,False,False,none,True
https://bayern.de,10,0,True,True,False,none,True
https://boe.es,4,0,False,False,False,none,False
https://derstandard.at,4,3,True,False,False,none,True
https://20minutos.es,25,15,True,False,False,didomi,True
https://gazeta.pl,32,17,True,False,False,onetrust,False
https://nrk.no,22,8,True,False,False,none,True
https://your-storageshare.de,18,3,True,False,False,none,True
https://sky.it,13,2,True,False,False,quantcast,True
https://tum.de,14,4,True,False,False,none,True
https://swr.de,8,4,True,False,False,none,True
https://hosteurope.de,10,4,True,False,False,none,True
https://pin.it,14,4,True,True,True,none,True
https://srf.ch,24,11,True,False,False,usercentrics,True
https://uu.nl,21,10,True,False,False,none,True
https://google.pt,9,1,True,True,True,none,True
https://20minutes.fr,11,4,True,True,True,didomi,True
https://wdr.de,16,11,True,False,False,none,True
https://eldiario.es,34,21,True,False,False,didomi,True
https://lastampa.it,53,27,True,False,False,osano,True
https://theregister.co.uk,44,19,True,True,True,trustarc,True
https://siemens.de,32,8,False,False,False,usercentrics,False
https://svt.se,21,2,True,False,False,none,True
https://google.gr,8,1,True,True,True,none,True
https://vrt.be,11,2,True,False,False,none,True
https://blogspot.de,15,3,True,True,True,none,True
https://nationalarchives.gov.uk,8,2,True,False,True,none,True
https://google.ie,9,2,True,True,True,none,True
https://browser-intake-datadoghq.eu,6,0,False,False,False,none,False
https://eleconomista.es,38,24,True,False,False,didomi,True
https://tfkc.de,37,19,False,False,False,none,False
https://doxygen.nl,11,6,True,False,True,trustarc,True
https://cldin.eu,49,24,True,False,False,usercentrics,True
https://uni-heidelberg.de,38,19,True,False,False,none,True
https://20min.ch,20,10,True,True,False,onetrust,True
https://telegraaf.nl,45,16,True,False,False,none,False
https://infomaniak.ch,12,9,True,False,False,none,True
https://helsinki.fi,19,8,True,False,False,usercentrics,False
https://yr.no,14,4,False,False,False,none,False
https://rae.es,8,3,True,False,False,none,True
https://dr.dk,8,3,True,False,False,cookiebot,False
https://ameli.fr,15,4,True,True,True,none,True
https://csic.es,15,9,True,False,False,none,True
https://aepd.es,15,5,True,False,False,none,True
https://krone.at,19,5,True,True,False,didomi,True
https://nic.cz,24,6,False,False,False,none,False
https://laposte.fr,17,6,True,False,True,none,True
https://tripadvisor.fr,12,8,False,False,False,none,False
https://service-public.fr,8,6,True,True,True,none,True
https://netnod.se,9,7,True,False,False,none,True
https://fu-berlin.de,6,1,True,False,False,none,True
https://bnf.fr,10,5,True,True,True,none,True
https://francebleu.fr,21,13,True,True,True,didomi,False
https://livesportmedia.eu,22,13,True,False,False,none,True
https://mediaset.it,9,4,True,False,False,none,False
https://ceneo.pl,16,5,True,False,False,none,False
https://zoho.eu,27,5,True,False,True,none,True
https://superbet.ro,28,5,True,False,False,onetrust,False
https://pagesjaunes.fr,26,11,True,False,False,none,True
https://blick.ch,13,7,True,False,False,onetrust,False
https://manchester.ac.uk,15,5,True,True,True,onetrust,True
https://ons.gov.uk,11,4,True,False,False,none,True
https://muni.cz,17,5,True,False,False,none,True
https://dfn.de,11,5,True,False,False,none,True
https://eventim.de,14,7,True,True,False,none,True
https://ebay.fr,20,10,True,False,False,none,True
https://allocine.fr,33,25,True,True,True,didomi,True
https://fr.de,36,26,True,False,False,none,True
https://gla.ac.uk,22,15,True,False,True,none,True
https://nazwa.pl,39,28,True,False,False,cookiebot,True
https://uio.no,37,25,False,False,False,none,False
https://imperial.ac.uk,13,5,True,True,True,onetrust,True
https://larazon.es,26,13,True,True,True,didomi,False
https://elcorteingles.es,47,20,False,False,False,none,False
https://thomann.de,8,2,True,True,True,none,True
https://expressen.se,29,15,False,False,False,didomi,False
https://alice.it,48,23,True,False,False,onetrust,True
https://tripadvisor.es,23,11,False,False,False,none,False
https://rainews.it,9,2,True,False,False,none,False
https://uva.nl,14,5,True,False,True,none,True
https://doctolib.fr,15,4,True,True,True,didomi,True
https://olx.ro,35,20,True,False,False,onetrust,False
https://epfl.ch,30,15,True,False,False,none,True
https://sudouest.fr,23,17,True,True,True,didomi,True
https://uni-hamburg.de,21,17,True,False,False,none,True
https://lloydsbank.co.uk,32,13,True,True,True,none,True
https://kaufland.de,27,12,False,False,False,none,False
https://dba.dk,14,7,False,False,False,none,False
https://skynet.be,23,5,True,False,True,onetrust,False
https://google.hu,14,2,True,True,True,none,True
https://carrefour.fr,11,2,True,True,True,onetrust,True
https://rtl.fr,18,13,True,True,True,didomi,True
https://thalia.de,26,14,True,False,False,none,False
https://tripadvisor.it,6,1,False,False,False,none,False
https://warwick.ac.uk,9,1,True,False,True,none,True
https://zoopla.co.uk,18,3,True,False,False,none,False
https://autoscout24.de,22,8,True,False,True,none,True
https://lu.se,22,7,True,False,False,none,False
https://berlin.de,5,0,True,False,False,none,True
https://pinterest.co.uk,12,3,True,True,True,none,True
https://centrum.cz,39,17,True,False,False,didomi,True
https://kurier.at,36,15,True,False,False,didomi,True
https://credit-agricole.fr,14,5,True,True,True,none,True
https://agenziaentrate.gov.it,11,6,True,False,False,none,True
https://kcl.ac.uk,10,2,True,True,True,onetrust,True
https://francetvinfo.fr,12,5,True,True,True,didomi,True
https://dn.se,16,6,False,False,False,didomi,False
https://just-eat.co.uk,23,4,True,False,False,none,True
https://rtl.de,20,9,True,False,False,none,True
https://telecomitalia.it,30,14,True,False,False,onetrust,True
https://tudelft.nl,26,13,True,False,False,cookiebot,True
https://lsapp.eu,10,6,False,False,False,none,False
https://blogspot.com.es,3,0,False,False,False,none,False
https://telenet.be,12,5,True,False,False,onetrust,True
https://fotocasa.es,20,8,True,False,False,none,False
https://tv2.no,13,10,True,False,False,fundingchoices,True
https://rtl.nl,43,15,True,False,False,none,True
https://immowelt.de,29,8,False,False,False,none,False
https://met.no,6,2,True,False,False,none,False
https://cyberfolks.pl,9,3,True,False,False,none,True
https://paris.fr,6,2,True,False,False,none,True
https://huffingtonpost.fr,13,10,True,True,True,none,True
https://kuleuven.be,19,13,True,False,False,onetrust,True
https://hs.fi,24,14,False,False,False,none,False
https://tiscali.it,36,23,True,False,False,iubenda,True
https://sonnenbatterie.de,36,12,True,False,False,usercentrics,True
https://blogspot.fr,22,3,True,True,True,none,True
https://tvn24.pl,9,5,True,False,False,onetrust,False
https://meteociel.fr,13,7,True,False,False,none,True
https://belgium.be,14,9,True,False,False,none,True
https://wyborcza.pl,20,5,True,False,False,onetrust,False
https://giga.de,21,6,True,False,False,none,True
https://xs4all.nl,8,1,True,False,False,none,True
https://certum.pl,9,2,True,False,False,complianz,False
https://rug.nl,13,4,True,False,False,none,True
https://homeoffice.gov.uk,8,2,False,False,False,none,False
https://vodafone.de,4,3,True,True,True,none,True
https://uni-erlangen.de,11,11,True,False,True,none,True
https://ku.dk,7,4,True,False,True,none,True
https://iol.pt,35,18,True,False,False,trustarc,True
https://amazon.ie,39,18,True,True,False,cookie notice,True
https://alza.cz,10,5,True,False,False,none,False
https://ziggo.nl,12,5,True,False,True,onetrust,True
https://louvre.fr,14,7,True,True,False,none,True
https://ilmessaggero.it,44,23,True,False,False,iubenda,True
https://xplosion.de,48,19,True,False,True,none,True
https://buienradar.nl,10,4,False,False,False,none,False
https://raiplay.it,10,4,True,False,False,none,True
https://adac.de,14,4,True,False,False,none,True
https://vinted.de,15,1,True,False,False,onetrust,True
https://mediamarkt.de,23,9,True,True,False,none,True
https://obi.de,25,11,True,False,False,usercentrics,True
https://aktuality.sk,45,10,True,False,False,fundingchoices,True
https://leeds.ac.uk,32,5,True,False,True,none,True
https://hessen.de,9,0,True,False,False,none,True
https://justpaste.it,1,0,True,False,False,none,True
https://nieuwsblad.be,28,8,True,False,False,didomi,True
https://vinted.co.uk,39,9,True,False,True,onetrust,True
https://sport.es,49,21,True,False,False,didomi,True
https://unibo.it,43,18,True,False,False,none,True
https://huffingtonpost.co.uk,46,30,True,False,False,none,True
https://lavozdegalicia.es,67,39,True,False,False,didomi,True
https://uzh.ch,37,14,True,False,False,none,True
https://core.ac.uk,7,3,True,False,False,none,True
https://tf1info.fr,16,9,True,True,True,onetrust,True
https://currys.co.uk,36,17,True,False,False,none,False
https://wired.co.uk,19,4,True,True,True,onetrust,True
https://vinted.pl,25,3,True,False,False,onetrust,True
https://sunrise.ch,56,18,True,True,False,onetrust,True
https://kleinezeitung.at,37,12,True,True,True,didomi,True
https://uni-bonn.de,19,5,True,False,False,none,True
https://swissinfo.ch,23,7,False,False,False,usercentrics,False
https://komikindo.ch,23,10,False,False,False,none,False
https://goneo.de,9,4,True,True,False,none,True
https://tv2.dk,15,7,True,False,True,onetrust,False
https://chefkoch.de,19,8,True,False,False,none,True
https://blocket.se,23,10,False,False,False,none,False
https://allegro.cz,19,5,True,True,True,none,False
https://amzn.eu,4,1,False,False,False,none,False
https://vinted.it,12,2,True,False,False,onetrust,True
https://sport1.de,26,11,True,False,False,none,True
https://inria.fr,22,9,True,True,True,none,True
https://very.co.uk,5,2,False,False,False,none,False
https://orange.es,28,9,True,False,False,onetrust,True
https://fanpage.it,71,40,True,False,False,none,True
https://telecinco.es,71,44,True,False,False,didomi,True
https://ilgiornale.it,56,27,True,False,False,funding choices,True
https://letelegramme.fr,40,21,True,True,True,didomi,True
https://leprogres.fr,33,24,True,True,True,didomi,True
https://interno.gov.it,22,14,True,False,False,none,True
https://google.sk,7,1,True,True,True,none,True
https://csfd.cz,25,10,True,False,False,didomi,True
https://dandomain.dk,65,36,True,False,True,iubenda,True
https://ugent.be,21,10,True,True,False,none,True
https://cra.cz,15,10,True,False,False,cookiebot,True
https://willhaben.at,15,8,True,True,False,didomi,False
https://atg.se,24,9,True,False,True,onetrust,True
https://decathlon.fr,24,7,True,True,True,didomi,True
https://dhnet.be,40,25,True,False,True,didomi,True
https://funda.nl,43,27,True,False,False,none,True
https://infor.pl,34,19,True,False,False,none,True
https://mdr.de,34,22,True,False,False,none,True
https://is.fi,20,9,False,False,False,none,False
https://uni-koeln.de,16,13,True,False,False,none,True
https://spdns.de,3,0,True,False,False,none,True
https://uu.se,6,2,True,False,False,none,False
https://tate.org.uk,20,7,True,True,True,didomi,True
https://lavoixdunord.fr,42,20,True,False,True,didomi,True
https://protonmail.ch,33,18,True,False,False,none,True
https://ilpost.it,20,6,True,False,False,iubenda,True
https://journaldesfemmes.fr,41,15,True,False,False,quantcast,True
https://europapress.es,50,23,True,False,False,didomi,True
https://1und1.de,27,9,True,True,False,none,True
https://lepoint.fr,6,0,False,False,False,none,False
https://lidl.de,10,5,True,True,False,onetrust,True
https://tui.co.uk,25,8,False,False,False,none,False
https://zxcs.nl,2,0,False,False,False,none,False
https://manchestereveningnews.co.uk,28,13,True,False,False,cookie notice,True
https://bundestag.de,31,13,True,False,False,none,True
https://carrefour.es,24,7,True,False,False,none,False
https://midilibre.fr,16,8,True,True,True,didomi,True
https://tf1.fr,23,13,True,True,True,didomi,True
https://europeana.eu,16,11,True,True,True,klaro,True
https://o2.pl,18,4,True,False,False,none,False
https://vodafone.pt,24,9,True,False,False,none,True
https://hu-berlin.de,16,11,True,False,False,none,True
https://laredoute.fr,11,6,True,True,True,none,False
https://google.hr,5,0,True,True,True,none,True
https://nova.cz,6,1,True,False,False,none,False
https://ancestry.co.uk,11,5,True,False,False,none,False
https://origo.hu,19,8,True,False,False,quantcast,False
https://nordkurier.de,19,7,True,False,False,none,True
https://adevarul.ro,37,14,True,False,False,onetrust,True
https://24sata.hr,63,24,False,False,False,didomi,False
https://sport.de,56,20,True,False,False,none,True
https://hornbach.de,31,11,True,False,False,usercentrics,True
https://poliziadistato.it,18,2,True,False,False,none,True
https://ucm.es,10,2,True,False,False,didomi,False
https://vecernji.hr,31,8,False,False,False,didomi,False
https://digi24.ro,42,12,True,False,False,onetrust,False
https://zus.pl,17,3,True,False,False,none,True
https://rtbf.be,15,5,True,True,True,didomi,True
https://idealista.pt,20,12,False,False,False,none,False
https://pappers.fr,7,2,False,False,False,none,True
https://gala.de,15,10,True,False,False,none,True
https://filmstarts.de,23,6,True,False,False,didomi,True
https://virgilio.it,28,11,True,False,False,iubenda,True
https://but.fr,29,7,True,True,True,didomi,True
https://taz.de,17,8,True,False,False,none,True
https://ilmattino.it,40,19,True,False,False,iubenda,True
https://ugr.es,47,22,True,False,False,none,False
https://lexpress.fr,31,15,True,True,True,didomi,True
https://rijksoverheid.nl,26,18,True,False,False,none,True
https://zalando.pl,18,3,True,False,False,usercentrics,False
https://rp-online.de,47,23,True,False,False,onetrust,True
https://telenor.se,49,25,True,False,False,onetrust,False
https://timesonline.co.uk,12,5,False,False,False,none,False
https://rmf24.pl,33,21,True,False,False,quantcast,True
https://abola.pt,64,40,True,False,False,onetrust,True
https://businessinsider.com.pl,65,27,True,False,False,none,False
https://libertatea.ro,45,18,True,False,False,onetrust,True
https://nzz.ch,32,10,True,False,False,none,True
https://net.hr,54,10,False,False,False,didomi,False
https://auchan.fr,31,8,True,True,True,onetrust,True
https://upm.es,15,8,False,False,False,none,False
https://ilrestodelcarlino.it,57,29,True,False,False,none,True
https://bfv.de,61,31,True,False,False,usercentrics,True
https://fakt.pl,38,14,True,False,False,fundingchoices,False
https://eurosport.fr,56,25,True,True,False,onetrust,True
https://sporza.be,41,17,True,False,False,none,True
https://aol.de,40,11,True,True,True,didomi,True
https://slobodnadalmacija.hr,53,20,False,False,False,didomi,False
https://expresso.pt,45,15,True,False,False,didomi,True
https://york.ac.uk,22,6,True,False,True,none,True
https://nettavisen.no,29,8,False,False,False,none,False
https://parliament.uk,26,8,True,False,False,none,False
https://tu-dresden.de,3,1,True,False,False,none,True
https://destentor.nl,9,4,True,False,False,none,True
https://tu-darmstadt.de,29,9,True,False,True,none,True
https://lifo.gr,27,10,True,False,False,cookiebot,True
https://cmjornal.pt,68,32,True,False,False,trustarc,True
https://proximus.be,54,26,True,True,True,onetrust,True
https://lindependant.fr,20,7,True,True,True,didomi,True
https://gsp.ro,45,27,True,False,False,onetrust,True
https://nic.ch,31,15,False,False,False,none,False
https://volkswagen.de,14,4,True,False,True,none,True
https://donedeal.ie,14,5,True,False,False,none,False
https://creditmutuel.fr,7,1,True,True,True,none,True
https://intercars.eu,9,3,True,False,False,none,False
https://cinemagia.ro,28,14,True,False,False,trustarc,False
https://zalando.it,39,16,True,False,False,usercentrics,True
https://huffingtonpost.it,36,12,True,False,False,iubenda,True
https://sisal.it,47,22,True,False,False,onetrust,True
https://intersport.fr,27,11,False,False,False,none,False
https://capital.gr,37,17,True,False,False,none,False
https://unige.ch,38,17,True,True,False,onetrust,True
https://decathlon.es,17,2,True,False,False,didomi,True
https://borsaitaliana.it,27,3,True,False,False,none,True
https://liu.se,28,10,False,False,False,none,False
https://fdj.fr,4,0,False,False,False,none,False
https://stirileprotv.ro,12,7,True,False,False,onetrust,False
https://snai.it,39,18,True,False,False,onetrust,True
https://gala.fr,46,29,True,True,True,none,True
https://bolt.eu,31,26,True,True,False,cookiebot,True
https://zerozero.pt,13,7,True,False,False,none,False
https://labanquepostale.fr,9,5,True,False,True,none,True
https://sport.cz,30,17,False,False,False,none,False
https://oikotie.fi,40,17,False,False,False,none,False
https://vu.nl,17,11,True,False,True,none,False
https://clever-tanken.de,4,1,True,False,False,none,True
https://444.hu,39,20,True,False,False,fundingchoices,False
https://utwente.nl,42,20,True,False,False,none,True
https://therange.co.uk,26,11,True,False,False,none,False
https://autoscout24.it,24,9,True,False,False,none,True
https://bundesregierung.de,22,7,True,False,False,none,True
https://azet.sk,33,9,True,False,False,fundingchoices,True
https://wickes.co.uk,60,21,True,True,True,onetrust,True
https://gazzetta.gr,81,41,True,False,False,none,True
https://naftemporiki.gr,67,29,True,False,False,trustarc,True
https://tportal.hr,42,16,False,False,False,didomi,False
https://record.pt,90,48,True,True,True,none,True
https://mediafax.ro,28,17,True,False,False,onetrust,True
https://pornpics.de,30,19,True,True,True,cookie notice,True
https://skai.gr,5,1,True,False,False,none,False
https://immoweb.be,14,3,True,False,False,usercentrics,True
https://ccc.eu,20,5,False,False,False,none,False
https://my-personaltrainer.it,27,12,True,False,False,cookiebot,True
https://polsatnews.pl,53,21,True,False,False,onetrust,True
https://dziennik.pl,43,21,True,False,False,none,True
https://topky.sk,31,14,True,False,False,didomi,True
https://car.gr,20,5,False,False,False,none,False
https://krakow.pl,3,1,True,False,False,none,False
https://grserver.gr,3,0,False,False,False,none,False
https://fca.org.uk,23,9,True,False,False,none,True
https://casa.it,9,4,False,False,False,none,False
https://deine-tierwelt.de,6,0,True,False,False,none,True
https://garanteprivacy.it,7,0,True,False,False,none,True
https://njuskalo.hr,11,3,False,False,False,didomi,False
https://flashscore.co.uk,21,9,True,True,False,onetrust,True
https://doz.pl,29,13,True,False,False,none,False
https://uni-tuebingen.de,21,5,True,False,True,none,True
https://super.cz,24,10,False,False,False,none,False
https://foreca.fi,42,18,False,False,False,none,False
https://fernsehserien.de,18,12,True,False,False,none,True
https://ipma.pt,15,8,False,False,False,none,False
https://wnp.pl,19,3,True,False,False,none,True
https://destatis.de,16,3,True,True,False,none,True
https://idokep.hu,14,3,True,False,False,none,False
https://decathlon.it,18,2,True,False,False,didomi,True
https://leroymerlin.pl,10,0,False,False,False,none,False
https://blikk.hu,56,27,True,False,False,none,False
https://bl.uk,55,25,True,False,False,none,True
https://antena3.ro,17,7,True,False,False,onetrust,False
https://stoiximan.gr,12,7,False,False,False,none,False
https://bazos.cz,5,1,True,False,False,none,False
https://porno666.nl,4,0,False,False,False,none,False
https://netcologne.de,5,3,True,False,True,cookiebot,True
https://ncl.ac.uk,19,9,True,False,False,cookiebot,False
https://leroymerlin.it,20,9,False,False,False,none,False
https://veikkaus.fi,11,0,False,False,False,none,False
https://iefimerida.gr,24,12,True,False,False,none,True
https://leggo.it,48,25,True,False,False,iubenda,True
https://cretaforce.gr,41,20,False,False,False,none,False
https://goldbet.it,3,2,False,False,False,none,False
https://livesport.cz,19,10,True,False,False,onetrust,False
https://bonprix.de,28,16,True,True,False,none,True
https://bazos.sk,9,5,True,False,False,none,False
https://hdfilmcehennemi.nl,4,0,False,False,False,none,False
https://ibtimes.co.uk,8,6,True,True,True,none,True
https://profesia.sk,19,8,True,False,False,none,False
https://newsit.gr,29,13,True,False,False,none,False
https://nationalarchives.ie,25,7,True,True,False,none,True
https://sport.pl,22,4,True,False,False,onetrust,False
https://g4media.ro,41,16,True,False,False,onetrust,False
https://lefrecce.it,38,19,True,False,False,none,True
https://nrc.nl,33,18,True,False,False,didomi,True
https://flashscore.pl,45,22,True,False,False,onetrust,False
https://win2day.at,27,14,False,False,False,usercentrics,False
https://aade.gr,18,2,False,False,False,none,False
https://lottomatica.it,1,0,False,False,False,none,False
https://cryoutcreations.eu,3,0,True,False,False,none,True
https://uni-freiburg.de,6,0,True,False,False,none,True
https://cic.fr,8,3,True,True,True,none,True
https://dedeman.ro,13,5,True,False,False,none,True
https://www.gov.gr,16,5,True,False,False,none,False
https://allegro.hu,11,2,False,False,False,none,False
https://easybell.de,5,0,True,False,True,none,True
https://newsbeast.gr,15,5,True,False,False,none,False
https://flashscore.es,21,9,True,False,False,onetrust,True
https://yadi.sk,18,9,True,False,False,none,False
https://sport-fm.gr,52,37,True,False,False,trustarc,True
https://sch.gr,50,38,True,False,False,none,False
https://digisport.ro,23,6,True,False,False,onetrust,False
https://ruhr24.de,27,11,True,False,False,none,True
https://mijnwoordenboek.nl,73,34,True,False,False,none,True
https://skyscanner.es,21,6,True,False,False,none,False
https://prosport.ro,38,19,True,False,False,onetrust,False
https://dailystar.co.uk,58,30,True,False,False,cookie notice,True
https://cnn.gr,43,20,True,False,False,quantcast,False
https://your-storagebox.de,23,7,True,False,False,none,True
https://realtimetrains.co.uk,17,3,True,False,False,none,True
https://namirial.it,15,4,True,False,False,iubenda,True
https://nottingham.ac.uk,15,5,True,True,True,onetrust,True
https://primor.eu,22,11,True,False,False,none,True
https://betflag.it,20,6,False,False,False,none,False
https://prehrajto.cz,11,5,False,False,False,none,False
https://portalsamorzadowy.pl,21,6,True,False,False,none,True
https://pudelek.pl,22,3,True,False,False,none,False
https://conforama.fr,23,11,True,True,True,onetrust,True
https://newsbomb.gr,48,29,True,False,False,none,True
https://sport.ro,46,23,True,False,False,onetrust,True
https://orizzontescuola.it,45,22,True,False,False,none,False
https://agones.gr,6,3,False,False,False,none,False
https://tvp.pl,12,4,True,False,False,fundingchoices,False
https://cyon.ch,25,4,False,False,False,none,False
https://unipd.it,13,1,True,False,False,cookiebot,True
https://skyscanner.it,18,4,True,False,False,none,False
https://volkskrant.nl,41,16,True,False,False,none,True
https://rynekzdrowia.pl,42,15,True,False,False,none,True
https://rip.ie,14,3,True,True,False,onetrust,True
https://supersport.hr,6,2,True,False,False,none,False
https://roman.co.uk,13,4,True,False,False,onetrust,True
https://tube8.fr,22,7,True,False,True,cookie notice,True
https://presseportal.de,20,7,True,False,False,none,True
https://google.lu,12,1,True,True,True,none,True
https://uc.pt,6,1,True,False,False,none,True
https://pomorska.pl,30,13,True,False,False,none,False
https://united-domains.de,4,2,False,False,False,none,False
https://transfermarkt.es,8,3,True,False,False,none,True
https://kupi.cz,32,20,False,False,False,none,False
https://druni.es,37,18,True,False,False,none,True
https://flashscore.sk,27,14,True,False,False,onetrust,False
https://leroymerlin.pt,25,14,False,False,False,none,False
https://kriesi.at,13,5,True,False,False,cookiebot,True
https://hasznaltauto.hu,11,6,True,False,False,none,False
https://rugbyrama.fr,19,6,True,True,True,didomi,True
https://dnevno.hr,19,9,True,False,False,none,False
https://flashscore.ro,26,16,True,False,False,onetrust,False
https://szn.cz,65,33,False,False,False,none,False
https://megapersonals.eu,46,19,True,False,False,none,False
https://turfomania.fr,59,44,True,False,False,none,False
https://totalcasino.pl,18,11,True,False,False,cookiebot,True
https://madisoft.it,20,8,True,False,False,none,True
https://bet365.it,5,5,True,False,True,osano,False
https://alphatv.gr,19,9,True,False,False,onetrust,True
https://johnpyeauctions.co.uk,17,8,True,False,False,none,False
https://planetwin365.it,2,1,False,False,False,none,False
https://educacion.gob.es,6,3,True,False,False,none,False
https://szerencsejatek.hu,19,9,True,False,False,onetrust,False
https://gsis.gr,18,9,True,False,False,none,False
https://clave.gob.es,11,3,True,False,False,none,True
https://idos.cz,50,27,True,False,False,didomi,False
https://naturabuy.fr,60,35,True,True,True,none,True
https://iliad.it,19,10,True,False,False,none,True
https://nice.org.uk,11,2,True,False,True,none,True
https://eduvulcan.pl,13,2,True,False,False,none,True
https://inews.co.uk,26,4,True,False,False,trustarc,True
https://vivastreet.co.uk,29,4,True,False,False,none,False
https://wort-suchen.de,16,5,True,False,False,none,True
https://lidl.es,23,6,True,False,False,onetrust,True
https://splashtop.eu,13,6,True,False,True,osano,True
https://semana.es,18,8,True,False,False,didomi,True
https://mjt.lu,17,5,True,False,False,none,True
https://gegen-hartz.de,8,3,True,False,False,complianz,True
https://bluewin.ch,46,14,True,True,True,onetrust,False
https://metoffice.gov.uk,45,14,True,True,True,none,True
https://pomponik.pl,36,14,True,False,False,fundingchoices,False
https://mailin.fr,28,7,True,False,False,none,True
https://fantacalcio.it,27,13,True,False,False,none,True
https://telemagazyn.pl,52,22,True,False,False,didomi,False
https://tuttocampo.it,52,23,True,False,False,none,True
https://juris.de,31,16,True,False,False,cookiebot,True
https://lidl.it,13,7,True,False,False,onetrust,True
https://aniagotuje.pl,18,11,True,False,False,trustarc,False
https://dnews.gr,13,7,True,False,False,trustarc,True
https://hostnet.nl,16,7,True,False,False,cookiebot,True
https://juegosonce.es,17,2,True,False,False,none,True
https://zone-turf.fr,26,5,True,True,True,didomi,True
https://zeturf.fr,26,14,True,False,False,cookiebot,True
https://webhosting.dk,11,8,True,False,True,none,False
https://vam.ac.uk,7,1,True,True,True,onetrust,True
https://rosszlanyok.hu,15,4,True,False,False,none,True
https://bricodepot.fr,17,7,True,True,True,didomi,True
https://oaed.gr,13,8,False,False,False,none,False
https://freevideo.cz,5,2,True,False,False,none,False
https://andersnoren.se,12,6,False,False,False,none,False
https://obramat.es,8,1,False,False,False,none,False
https://ros.ie,9,1,True,False,False,none,True
https://assertcom.de,9,1,True,False,False,none,True
https://jobsatamazon.co.uk,13,5,True,False,True,cookie notice,True
https://kurnik.pl,16,7,True,False,False,none,False
https://e-jumbo.gr,26,12,True,False,False,none,True
https://unibe.ch,27,13,True,False,False,none,True
https://ihk.de,6,3,True,True,True,cookiebot,True
https://citapreviadnie.es,6,2,True,False,False,none,False
https://toprecepty.cz,16,7,True,False,False,didomi,True
https://xdate.ch,20,9,True,False,True,none,True
https://tecnomat.it,11,3,False,False,False,none,False
https://autobild.de,15,4,True,False,False,none,True
https://uni-goettingen.de,20,4,True,False,False,none,True
https://ich-tanke.de,19,3,True,False,False,fundingchoices,True
https://flashscore.pt,29,9,True,False,False,onetrust,True
https://folieporno.fr,18,7,True,False,False,none,True
https://lectio.dk,7,4,True,False,False,none,True
https://service-public.gouv.fr,5,3,True,True,True,none,True
https://aalto.fi,12,10,True,False,False,cookiebot,False
https://pinterest.de,17,9,True,True,True,none,True
https://gdpr-info.eu,10,3,True,False,False,none,True
https://flashscore.gr,11,5,True,False,False,onetrust,False
https://redlights.be,13,7,True,False,True,none,True
https://tippmix.hu,13,4,True,False,False,onetrust,False
https://transip.eu,23,6,True,False,False,iubenda,True
https://quartier-rouge.be,16,3,True,False,True,none,True
https://aeolservice.es,17,9,True,False,False,cookieyes,True
https://tvguia.es,27,16,True,False,False,fundingchoices,True
https://cp.sk,30,14,True,False,False,didomi,False
https://uib.no,18,7,True,False,False,klaro,False
https://administracionespublicas.gob.es,5,0,False,False,False,none,False
https://franceconnect.gouv.fr,2,1,True,False,False,none,True
https://scoalarutiera.ro,18,10,True,False,True,trustarc,True
https://ratkojat.fi,55,40,False,False,False,none,False
https://upv.es,20,13,True,False,False,none,True
https://nirvam.it,10,4,True,False,False,none,True
https://wbs-law.de,31,17,True,True,True,usercentrics,True
https://st-andrews.ac.uk,44,22,True,True,False,cookie notice,False
https://francetravail.fr,20,9,False,False,False,none,False
https://agenziaentrateriscossione.gov.it,10,8,True,False,False,none,True
https://nhm.ac.uk,7,1,True,False,True,none,True
https://sainsburys.co.uk,25,11,True,False,True,onetrust,True
https://uni-leipzig.de,18,9,True,False,False,none,True
https://finya.de,3,0,True,True,False,none,True
https://vogue.co.uk,12,4,True,False,False,onetrust,True
https://au.dk,18,4,True,False,True,onetrust,True
https://umu.se,12,3,True,False,False,klaro,False
https://uni-muenster.de,4,0,True,False,False,none,True
https://nic.es,8,1,True,False,False,klaro,True
https://gwdg.de,6,1,True,False,False,none,True
https://dg-datenschutz.de,1,0,True,True,False,none,True
https://valasztas.hu,3,0,True,False,False,none,True
https://which.co.uk,15,7,True,False,True,onetrust,True
https://plotek.pl,25,9,True,False,False,onetrust,False
https://gdatasecurity.de,16,4,True,False,False,none,True
https://turfoo.fr,29,19,True,False,True,none,True
https://bet365.gr,27,22,True,False,True,osano,False
https://c-srv.de,5,2,False,False,False,none,False
https://citizensadvice.org.uk,2,1,True,False,False,none,True
https://domaintechnik.at,6,1,True,False,False,none,True
https://orange.pl,8,2,True,False,False,didomi,True
https://cvut.cz,13,5,True,False,False,none,True
https://copernicus.eu,23,5,True,False,True,none,True
https://mon-essence.fr,28,9,True,False,True,trustarc,True
https://albelli.nl,17,14,True,False,True,none,True
https://liverpoolecho.co.uk,39,20,True,False,False,cookie notice,True
https://freemeteo.gr,34,14,True,False,False,trustarc,False
https://lotto-italia.it,21,14,False,False,False,none,False
https://datadoghq.eu,14,9,True,False,False,none,True
https://belastingdienst.nl,6,6,True,False,False,none,True
https://tagesanzeiger.ch,40,21,True,False,False,onetrust,True
https://morgenpost.de,46,23,True,False,False,none,True
https://gamblingcommission.gov.uk,19,9,True,False,True,none,True
https://swisscom.ch,11,5,True,False,False,onetrust,False
https://sverigesradio.se,16,5,True,False,False,none,False
https://hse.gov.uk,18,7,True,False,False,none,True
https://nationaltrust.org.uk,12,6,True,True,False,none,True
https://diplo.de,8,1,True,False,False,none,True
https://mypurecloud.de,10,0,True,False,False,onetrust,True
https://airbnb.co.uk,12,1,True,False,True,onetrust,True
https://vouchers.gov.gr,11,4,False,False,False,none,False
https://fgov.be,15,7,True,False,False,none,False
https://uni-hannover.de,4,2,True,False,False,none,True
https://lesoir.be,23,5,True,False,False,didomi,True
https://unifi.it,22,6,True,False,False,none,False
https://man88.pl,24,13,False,False,False,none,False
https://sme.sk,15,12,False,False,False,none,False
https://vodafone.it,8,2,True,False,False,none,True
https://uni-bremen.de,10,5,True,True,False,none,True
https://blogspot.it,5,0,True,True,True,none,True
https://mobilevikings.be,31,14,True,True,True,onetrust,True
https://rai.it,38,18,True,False,False,none,False
https://dailyrecord.co.uk,33,14,True,False,False,cookie notice,True
https://auswaertiges-amt.de,28,12,True,False,False,none,True
https://unleashed.be,9,2,True,False,False,none,True
https://rediris.es,8,2,False,False,False,none,False
https://poznan.pl,13,2,True,False,False,none,True
https://fau.de,14,2,True,False,True,none,True
https://ntnu.no,10,6,False,False,False,none,False
https://businessinsider.de,14,5,True,False,False,none,True
https://svd.se,20,5,True,False,False,none,False
https://first-id.fr,22,4,True,False,False,none,True
https://ebi.ac.uk,15,4,True,False,False,none,True
https://worldoftanks.eu,20,4,False,False,False,none,False
https://aftenposten.no,17,8,True,False,False,none,False
https://keymachine.de,23,12,True,True,False,none,True
https://aok.de,3,1,True,True,True,none,True
https://augsburger-allgemeine.de,17,2,True,False,False,usercentrics,True
https://rp.pl,40,13,False,False,False,none,False
https://polimi.it,34,15,True,False,False,klaro,True
https://gamcare.org.uk,13,5,True,False,False,cookieyes,True
https://exeter.ac.uk,22,16,True,True,True,onetrust,True
https://publico.es,31,18,True,False,False,didomi,True
https://paginegialle.it,35,11,True,False,False,iubenda,True
https://thejournal.ie,47,15,True,True,True,onetrust,True
https://rlp.de,37,11,True,False,False,none,True
https://tuwien.ac.at,3,0,True,False,False,none,True
https://antagus.de,3,0,True,False,False,none,True
https://unimi.it,4,1,True,False,False,none,False
https://qualys.eu,14,5,True,True,False,cookiebot,True
https://doctolib.de,16,5,True,True,False,didomi,True
https://insee.fr,10,3,False,False,False,none,True
https://santander.co.uk,8,5,True,True,True,onetrust,True
https://qmul.ac.uk,33,17,True,True,True,none,True
https://nanosystems.it,32,15,True,False,True,none,True
https://rotld.ro,14,2,True,False,False,none,False
https://elte.hu,9,2,False,False,False,klaro,False
https://tripadvisor.de,9,0,False,False,False,none,False
https://chalmers.se,7,3,True,False,False,cookiebot,True
https://coral.co.uk,15,7,True,False,False,onetrust,True
https://hetzner.de,23,5,True,False,False,none,True
https://siteground.eu,7,2,False,False,False,none,False
https://manomano.fr,12,7,True,False,False,none,False
https://pinterest.fr,12,6,True,True,True,none,True
https://overheid.nl,11,5,True,False,False,none,True
https://gu.se,8,3,True,False,False,none,True
https://airbnb.fr,12,3,True,False,True,onetrust,True
https://posteo.de,6,3,False,False,False,none,True
https://bankofengland.co.uk,3,2,True,False,False,none,True
https://wur.nl,15,5,True,False,False,usercentrics,True
https://mijndomein.nl,45,25,True,False,False,cookiebot,True
https://denic.de,31,22,True,False,True,none,True
https://doctissimo.fr,18,7,True,True,False,didomi,True
https://publico.pt,59,31,True,False,False,cookiebot,True
https://domainers.de,46,20,True,False,False,none,True
https://dtu.dk,10,2,True,False,True,none,True
https://zoznam.sk,26,7,True,False,False,didomi,True
https://hamburg.de,30,9,True,False,False,none,True
https://auth.gr,11,3,True,False,False,cookieyes,True
https://stuttgarter-zeitung.de,33,7,True,False,False,none,True
https://trevenque.es,39,8,True,False,False,cookieyes,True
https://datenschutz-generator.de,9,1,True,False,False,none,True
https://ad4m.at,2,0,False,False,False,none,False
https://walesonline.co.uk,27,14,True,False,False,cookie notice,True
https://lodz.pl,33,15,True,False,False,trustarc,False
https://ebay.es,19,11,True,False,False,none,True
https://openstreetmap.fr,14,7,False,False,False,none,True
https://meinbezirk.at,16,9,True,True,False,onetrust,True
https://bath.ac.uk,26,11,True,False,True,none,True
https://autoriteitpersoonsgegevens.nl,11,3,True,False,False,none,True
https://surfnet.nl,7,4,True,True,True,none,True
https://allianz.de,8,5,True,False,True,onetrust,True
https://zdfheute.de,9,4,True,True,False,none,True
https://uni-ulm.de,4,4,True,False,False,none,True
https://lmu.de,3,0,True,False,False,none,True
https://successfactors.eu,14,3,True,False,True,trustarc,True
https://archives-ouvertes.fr,13,6,True,True,True,none,True
https://rewe.de,24,9,True,False,False,none,False
https://ru.nl,7,2,True,False,False,none,True
https://wiwo.de,10,5,True,False,False,none,True
https://rki.de,11,4,True,False,False,none,True
https://abendblatt.de,10,3,True,False,False,none,True
https://ruhr-uni-bochum.de,15,5,True,False,False,none,True
https://bristol.ac.uk,11,3,True,True,False,none,True
https://flexwebhosting.nl,10,3,True,False,True,none,True
https://google.eu,10,4,True,True,True,none,True
https://sheffield.ac.uk,11,3,True,False,True,none,True
https://denik.cz,27,15,True,False,False,didomi,True
https://yandex.fi,26,9,True,False,False,none,False
https://adg.de,13,6,True,False,False,usercentrics,True
https://southampton.ac.uk,11,2,True,False,True,none,True
https://google.com,6,0,True,True,True,none,True
https://cloudflare.com,10,2,True,True,True,onetrust,True
https://gstatic.com,10,6,False,False,False,none,False
https://facebook.com,5,1,True,True,False,none,True
https://microsoft.com,12,9,True,True,True,none,True
https://googleapis.com,13,11,False,False,False,none,False
https://youtube.com,7,2,True,True,True,none,True
https://amazonaws.com,26,4,True,True,True,none,True
https://apple.com,18,2,True,False,False,none,True
https://instagram.com,4,1,True,True,False,none,True
https://fbcdn.net,5,1,True,True,False,none,True
https://twitter.com,10,3,True,True,True,none,True
https://linkedin.com,11,3,True,True,True,none,True
https://googletagmanager.com,9,3,False,False,False,none,False
https://googlevideo.com,2,0,False,False,False,none,False
https://live.com,18,14,True,True,True,none,True
https://office.com,25,18,True,False,False,none,True
https://amazon.com,18,15,True,False,False,none,True
https://azure.com,25,14,True,False,False,none,True
https://wikipedia.org,17,10,False,False,False,none,True
https://github.com,3,0,True,False,False,none,False
https://bing.com,8,1,True,False,False,none,True
https://googleusercontent.com,7,2,False,False,False,none,False
https://doubleclick.net,11,5,True,False,False,none,False
https://whatsapp.net,11,4,False,False,False,none,True
https://fastly.net,15,5,True,True,True,onetrust,True
https://appsflyersdk.com,12,7,True,False,False,none,False
https://netflix.com,13,9,True,True,True,onetrust,True
https://wordpress.org,22,12,True,False,False,none,True
https://digicert.com,11,1,False,False,False,none,False
https://skype.com,11,7,True,True,True,none,True
https://sharepoint.com,20,13,True,True,True,none,True
https://pinterest.com,22,12,True,True,True,none,True
https://gandi.net,17,7,True,True,True,none,True
https://whatsapp.com,10,3,False,False,False,none,True
https://x.com,8,1,True,True,True,none,True
https://googlesyndication.com,10,2,True,True,True,none,True
https://yahoo.com,5,0,True,True,True,none,True
https://icloud.com,10,1,False,False,False,none,False
https://tiktok.com,20,2,True,False,False,none,False
https://msn.com,36,13,True,True,True,onetrust,False
https://spotify.com,33,14,True,True,True,onetrust,True
https://cloudflare.net,28,18,True,True,True,onetrust,True
https://adobe.com,20,12,True,False,False,onetrust,True
https://googledomains.com,20,6,True,False,False,none,True
https://windows.net,4,2,False,False,False,none,False
https://ntp.org,14,7,False,False,False,none,False
https://chatgpt.com,17,7,True,False,False,none,False
https://vimeo.com,18,5,True,False,False,none,True
https://roblox.com,25,4,True,True,True,none,True
https://myfritz.net,14,1,False,False,False,none,True
https://tiktokv.com,8,4,False,False,False,none,False
https://qq.com,20,12,False,False,False,none,False
https://yandex.net,56,10,True,False,False,none,False
https://baidu.com,10,3,False,False,False,none,False
https://cloudflare-dns.com,18,13,True,False,False,none,True
https://nginx.org,5,4,False,False,False,none,False
https://windows.com,17,13,True,True,True,none,True
https://mozilla.org,17,13,True,True,True,none,True
https://opera.com,6,0,True,False,True,none,True
https://samsung.com,32,12,True,True,True,trustarc,True
https://nginx.com,30,13,True,False,False,onetrust,True
https://sentry.io,17,6,True,False,False,none,True
https://wordpress.com,13,3,True,True,True,none,True
https://google-analytics.com,18,6,True,False,False,none,False
https://reddit.com,11,4,True,True,True,none,True
https://ui.com,17,8,True,False,True,onetrust,True
https://office365.com,8,2,False,False,False,none,False
https://criteo.com,18,7,True,False,False,cookiebot,True
https://blogspot.com,26,13,False,False,False,none,False
https://trbcdn.net,7,4,False,False,False,none,False
https://vk.com,11,4,False,False,False,none,False
https://b-cdn.net,20,6,True,False,False,none,True
https://googleadservices.com,9,3,False,False,False,none,False
https://amazon-adsystem.com,2,0,False,False,False,none,False
https://unity3d.com,12,5,True,True,True,onetrust,True
https://github.io,17,5,False,False,False,none,True
https://epicgames.com,12,2,True,False,False,none,False
https://snapchat.com,7,2,True,False,False,none,True
https://app-measurement.com,11,8,False,False,False,none,False
https://apache.org,3,1,True,False,False,none,True
https://nih.gov,14,4,True,False,False,none,False
https://amazonvideo.com,12,5,True,True,True,none,True
https://kaspersky.com,25,12,True,False,False,cookiebot,True
https://outlook.com,32,20,True,True,True,none,True
https://intuit.com,31,23,True,True,True,onetrust,True
https://app-analytics-services.com,16,14,False,False,False,none,False
https://prodregistryv2.org,2,0,False,False,False,none,False
https://gravatar.com,6,0,True,False,True,none,True
https://dropbox.com,11,3,True,False,False,none,True
https://f5.com,14,4,True,False,False,onetrust,True
https://xiaomi.com,27,16,True,True,True,trustarc,True
https://godaddy.com,18,10,False,False,False,none,False
https://archive.org,2,0,False,False,False,none,False
https://tumblr.com,11,2,False,False,False,none,False
https://nytimes.com,24,12,True,True,True,none,True
https://paypal.com,31,13,True,True,True,none,True
https://aliyuncs.com,7,1,False,False,False,none,False
https://shopify.com,1,0,True,True,True,none,True
https://discord.com,10,6,True,False,False,none,True
https://applovin.com,38,22,True,True,True,onetrust,False
https://adobe.io,26,10,True,False,False,onetrust,True
https://userapi.com,32,4,False,False,False,none,False
https://flickr.com,26,11,True,False,False,trustarc,True
https://webex.com,38,20,True,True,True,onetrust,True
https://soundcloud.com,51,20,True,True,True,onetrust,True
https://medium.com,39,11,True,False,False,none,False
https://w3.org,3,1,True,False,False,none,True
https://example.com,2,0,False,False,False,none,False
https://taboola.com,12,1,True,False,False,none,True
https://rubiconproject.com,16,6,True,False,False,none,False
https://cnn.com,39,16,True,False,False,onetrust,True
https://theguardian.com,44,14,True,False,False,none,True
https://vungle.com,38,22,True,True,True,complianz,True
https://oracle.com,35,26,True,False,False,trustarc,True
https://forbes.com,25,9,True,True,True,none,True
https://creativecommons.org,24,12,True,False,False,none,True
https://avast.com,17,6,True,True,True,none,True
https://ebay.com,18,15,True,False,False,none,True
https://pubmatic.com,15,10,True,True,True,none,True
https://cpanel.net,20,8,True,False,False,usercentrics,True
https://bbc.com,31,17,True,False,False,none,True
https://weather.com,35,21,True,False,False,none,True
https://youtube-nocookie.com,20,10,True,False,False,none,False
https://sciencedirect.com,3,2,True,False,False,none,True
https://miui.com,7,6,False,False,False,none,False
https://researchgate.net,10,5,True,False,False,didomi,True
https://oxylabs.io,50,27,True,False,False,cookiebot,True
https://gmail.com,42,24,False,False,False,none,False
https://mit.edu,7,0,True,False,False,none,True
https://android.com,11,2,True,False,False,none,False
https://doi.org,12,2,True,False,False,none,True
https://sourceforge.net,8,1,True,False,False,none,False
https://nist.gov,10,6,True,False,False,none,True
https://cisco.com,22,12,True,True,True,onetrust,True
https://adnxs.com,19,9,False,False,False,none,False
https://adsrvr.org,5,3,True,False,False,none,False
https://canva.com,8,4,True,False,False,none,False
https://ubuntu.com,13,3,True,False,True,none,True
https://imdb.com,19,8,True,True,False,cookie notice,True
https://stripe.com,19,11,True,True,True,none,True
https://scorecardresearch.com,10,0,True,False,False,none,True
https://roku.com,11,5,True,True,True,none,True
https://hubspot.com,23,14,True,True,True,none,True
https://casalemedia.com,36,27,True,True,True,onetrust,True
https://telegram.org,11,7,False,False,False,none,False
https://openai.com,6,5,True,False,False,none,False
https://meraki.com,6,4,True,False,False,none,True
https://booking.com,24,13,True,True,True,onetrust,True
https://forter.com,26,11,True,True,True,onetrust,True
https://dropcatch.com,13,7,False,False,False,none,False
https://adsafeprotected.com,9,1,False,False,False,none,False
https://wikimedia.org,4,2,False,False,False,none,True
https://doubleverify.com,19,12,True,False,False,trustarc,True
https://springer.com,21,13,True,False,True,none,True
https://hp.com,15,1,True,True,True,onetrust,True
https://telekom.net,17,5,False,False,False,none,False
https://salesforce.com,18,10,True,True,True,onetrust,False
https://ampproject.org,15,11,True,False,False,none,True
https://ibm.com,18,5,True,False,True,trustarc,False
https://tinyurl.com,27,17,True,False,False,none,True
https://samsungcloud.com,11,5,True,True,True,none,False
https://reuters.com,5,0,False,False,False,none,False
https://mozilla.com,7,2,True,True,True,none,True
https://mzstatic.com,6,2,True,False,False,none,True
https://inmobi.com,46,31,True,True,True,none,False
https://alibaba.com,67,38,False,False,False,none,True
https://dnsmadeeasy.com,61,16,True,False,False,none,True
https://duckdns.org,27,12,True,False,False,none,True
https://nature.com,11,1,True,False,True,none,True
https://etsy.com,14,2,False,False,False,none,False
https://googleblog.com,12,2,True,False,False,none,True
https://shalltry.com,9,2,False,False,False,none,False
https://harvard.edu,18,8,True,False,False,none,True
https://appsflyer.com,25,11,True,True,True,onetrust,True
https://steampowered.com,16,8,True,True,True,none,True
https://myshopify.com,5,0,False,False,False,none,False
https://alidns.com,27,8,True,False,False,none,True
https://triplinkintl.com,31,5,True,False,False,none,True
https://autodesk.com,34,13,False,False,False,none,False
https://media.net,29,15,True,False,False,none,True
https://php.net,24,14,True,False,False,none,True
https://hcaptcha.com,4,0,True,False,False,none,False
https://amplitude.com,30,7,True,False,False,none,True
https://afternic.com,34,15,True,False,False,none,True
https://weibo.com,23,5,False,False,False,none,False
https://launchdarkly.com,50,18,True,True,True,cookiebot,True
https://smartadserver.com,45,21,True,True,True,didomi,True
https://trueconf.net,12,4,False,False,False,none,False
https://opendns.com,11,6,True,True,True,onetrust,True
https://ea.com,22,9,True,True,True,trustarc,True
https://slack.com,31,11,True,True,True,onetrust,True
https://issuu.com,24,10,True,True,True,cookiebot,True
https://crashlytics.com,18,5,True,True,False,none,True
https://gnu.org,8,4,False,False,False,none,False
https://bilibili.com,6,0,False,False,False,none,False
https://weebly.com,16,1,True,True,True,onetrust,True
https://checkpoint.com,17,4,False,False,False,none,False
https://cdc.gov,11,6,True,False,False,none,True
https://un.org,12,2,False,False,False,none,False
https://lencr.org,12,2,True,False,False,none,True
https://aol.com,20,5,True,True,True,didomi,True
https://naver.com,33,20,False,False,False,none,False
https://wsj.com,24,8,False,False,False,none,False
https://trustpilot.com,17,5,True,True,True,onetrust,True
https://aliyun.com,47,19,True,True,True,trustarc,True
https://ezvizlife.com,34,8,False,False,False,none,False
https://washingtonpost.com,27,16,True,True,False,onetrust,True
https://3lift.com,53,31,True,False,False,usercentrics,True
https://tradingview.com,28,13,True,True,True,none,True
https://debian.org,14,0,False,False,False,none,False
https://dell.com,2,0,True,False,False,none,True
https://nasa.gov,11,3,True,False,False,none,True
https://bloomberg.com,32,10,True,True,False,none,True
https://nvidia.com,27,8,True,True,True,onetrust,True
https://stanford.edu,10,2,True,False,False,none,True
https://browser-intake-datadoghq.com,6,3,False,False,False,none,False
https://dailymotion.com,14,3,True,False,False,none,True
https://openx.net,23,2,False,False,False,none,False
https://plesk.com,20,9,True,False,False,cookiebot,True
https://temu.com,29,12,True,True,True,none,True
https://tp-link.com,10,4,True,False,True,none,True
https://calendly.com,17,3,True,True,True,onetrust,True
https://unsplash.com,16,4,True,False,True,none,True
https://yandex.com,7,1,True,False,False,none,False
https://zendesk.com,18,10,True,True,True,onetrust,True
https://gitlab.com,20,7,True,True,True,onetrust,True
https://indeed.com,14,4,True,False,False,none,False
https://vivoglobal.com,11,4,False,False,False,none,False
https://adobe.net,3,1,False,False,False,none,False
https://globo.com,68,44,True,False,False,fundingchoices,True
https://cookiedatabase.org,68,51,True,False,False,complianz,True
https://ip-api.com,4,1,False,False,False,none,False
https://ngenix.net,52,11,True,False,False,none,False
https://businessinsider.com,47,32,True,False,False,fundingchoices,True
https://pixabay.com,54,36,True,True,True,onetrust,True
https://aliexpress.com,27,7,True,True,True,none,True
https://amazonalexa.com,27,7,True,False,False,none,True
https://supercell.com,13,8,True,True,True,onetrust,True
https://cloudns.net,9,3,True,False,True,none,False
https://espn.com,32,4,True,True,True,onetrust,True
https://huawei.com,41,7,True,False,False,none,True
https://taobao.com,22,7,False,False,False,none,False
https://steamcommunity.com,24,5,True,True,True,none,True
https://mi.com,21,11,True,True,True,trustarc,True
https://brave.com,18,10,True,False,True,none,True
https://intel.com,7,2,True,False,True,onetrust,True
https://wp.com,11,4,True,True,True,none,True
